"Snake_ID";"Trap_ID";"Locality";"X";"Y";"Inv_situation";"Capture_day";"Test_day";"Acc_time";"Hour manip.";"Hour accl.";"Hour test";"Time_head_out_sec_raw";"Time_body_out_sec_raw";"Temperature";"R_H";"Weather";"Arena";"Official";"Repeatability";"Tracking";"Year_invasion";"Distance_Noahs";"SVL";"Weight";"Sex";"Hard_Drive";"ID";"time_central_area";"time_intermediate_area";"time_refuge_area_1";"time_refuge_area_2";"time_initial_refuge";"time_distant_wall";"time_lateral_1";"time_lateral_2";"time_hidden_bf_head_out";"total_time_hidden";"time_entrance";"time_hole_1";"time_hole_2";"time_hole_3";"time_hole_4";"mean_dist_refuge";"mean_dist_closest_refuge";"beh_moving";"beh_exploring_wall";"beh_immobile_exposed";"beh_head-out";"beh_hiding-head-out";"beh_head-out_after_body_out";"avg_speed";"avg_speed_exploring";"total_dist_travelled";"dist_travelled_exploring";"dist_trav_5min_body_out";"dist_trav_10min_body_out";"dist_trav_15min_body_out"
12050;27;"Sant Carles";375377;4319940;"CORE";"2023-06-02";"2023-06-05";"3";1899-12-31 16:58:00;1899-12-31 17:08:00;1899-12-31 17:13:00;2311;2416;24,3;68,3;"Cloudy, Sunny (90%)";"B";"Y";"N";"Y";2017,24621999999;6529,89180941359;NA;NA;NA;2;12050;0;0;36;18;181;114;109;195;2311;2347;151;48;175;183;96;1,13604366094763;0,3521512961317;460;17;82;74;20;1;0,008531858823;0,0537316784413043;25,595576469;24,716572083;12,636158715;0;0
12051;29;"Pou des Lleo";379460;4322181;"CORE";"2023-06-05";"2023-06-06";"1";1899-12-31 11:19:00;1899-12-31 11:29:00;1899-12-31 11:35:00;3000;3000;26,4;61,3;"Sunny";"A";"Y";"N";"Y";2018,51575;10976,8051243225;NA;NA;NA;2;12051;0;0;0;0;0;0;0;0;3000;3000;0;0;0;0;0;0;0;0;0;0;0;0;0;0;0;0;0;0;0;0
12053;38;"Pou des Lleo";378181;4323597;"CORE";"2023-06-05";"2023-06-06";"1";1899-12-31 11:19:00;1899-12-31 11:29:00;1899-12-31 11:35:00;253;408;26,4;61,3;"Sunny";"D";"Y";"N";"Y";2014,1709;10434,6709320582;NA;NA;NA;2;12053;19;70;102;166;421;576;385;707;253;554;343;253;433;1272;145;1,14700931502625;0,387968393298855;1288;34;902;165;57;48;0,0204926852619233;0,0443163036413044;61,47805578577;57,07939909;7,617824121;18,9607469547;23,1612218944
14696;503;"Cas Ramons";363578;4322487;"CORE";"2023-06-05";"2023-06-06";"1";1899-12-31 14:49:00;1899-12-31 14:03:00;1899-12-31 14:08:00;1457;1700;25,9;63,8;"Cloudy, Sunny";"A";"Y";"N";"Y";2016,95055999999;6552,35776710396;NA;NA;NA;2;14696;7;33;279;32;392;130;198;289;1457;1640;344;134;451;216;215;1,03459716838162;0,269270314786029;682;80;58;500;40;276;0,0193105616556333;0,0780433852398827;57,9316849669;53,2255887336;16,8742722662;27,242628927;37,7508218761
14681;416;"Cala Aubarca";359990;4324491;"FRONT";"2023-06-05";"2023-06-06";"1";1899-12-31 14:49:00;1899-12-31 14:03:00;1899-12-31 14:08:00;1681;1836;25,9;63,8;"Cloudy, Sunny";"B";"Y";"N";"Y";2020,38195999999;10782,7228113385;NA;NA;NA;2;14681;3;38;59;163;267;151;239;299;1681;1781;229;126;278;305;281;1,10209250394094;0,315983278195242;682;152;54;282;49;146;0,0220299183865333;0,0840511825750733;66,0897551596;57,3229065162;17,6573046452;37,2234773939;51,2659130981
12054;49;"Pou des Lleo";380460;4321406;"CORE";"2023-06-05";"2023-06-06";"1";1899-12-31 14:49:00;1899-12-31 14:03:00;1899-12-31 14:08:00;1189;2297;25,9;63,8;"Cloudy, Sunny";"D";"Y";"N";"Y";2020,61779999999;11738,4451757313;NA;NA;NA;2;12054;17;79;124;37;879;80;94;109;1189;1581;853;177;159;153;77;0,935244611179986;0,16494121787456;531;8;134;746;0;34;0,0185559907431057;0,102614863521657;55,667972229317;54,48849253;24,715965426;51,07043798;0
14682;NA;"Pla de Sant Mateu";359894;4322510;"FRONT";"2023-06-05";"2023-06-06";"1";1899-12-31 15:35:00;1899-12-31 15:45:00;1899-12-31 15:50:00;3000;3000;27,9;71;"Sunny";"B";"Y";"N";"Y";2019,83690999999;9855,41724091346;NA;NA;NA;2;14682;0;0;0;0;0;0;0;0;3000;3000;0;0;0;0;0;0;0;0;0;0;0;0;0;0;0;0;0;0;0;0
14799;536;"Noah's Garden";367332;4320013;"CORE";"2023-06-06";"2023-06-07";"1";1899-12-31 12:31:00;1899-12-31 12:42:00;1899-12-31 12:49:00;3000;3000;24,5;66,8;"Cloudy (100%)";"A";"Y";"N";"Y";2016,05444;2050,10135891466;NA;NA;NA;2;14799;0;0;0;0;0;0;0;0;3000;3000;0;0;0;0;0;0;0;0;0;0;0;0;0;0;0;0;0;0;0;0
14797;539;"Noah's Garden";366869;4320091;"CORE";"2023-06-06";"2023-06-07";"1";1899-12-31 12:31:00;1899-12-31 12:42:00;1899-12-31 12:49:00;691;936;24,5;66,8;"Cloudy (100%)";"C";"Y";"N";"Y";2016,88171;2599,31396383602;NA;NA;NA;2;14797;25;90;117;144;731;225;361;392;691;915;617;312;379;431;346;1,0374769392424;0,292223139583693;1480;246;45;307;7;85;0,0498738872241667;0,091278225222973;149,6216616725;135,09177333;19,148443469;48,797402428;76,996396233
14681;416;"Cala Aubarca";359990;4324491;"FRONT";"2023-06-05";"2023-06-07";"2";1899-12-31 14:18:00;1899-12-31 14:30:00;1899-12-31 14:36:00;3000;3000;24,7;67,8;"Cloudy (100%)";"A";"Y";"Y";"Y";2020,38195999999;10782,7228113385;NA;NA;NA;2;14681;0;0;0;0;0;0;0;0;3000;3000;0;0;0;0;0;0;0;0;0;0;0;0;0;0;0;0;0;0;0;0
14682;NA;"Pla de Sant Mateu";359894;4322510;"FRONT";"2023-06-05";"2023-06-07";"2";1899-12-31 14:18:00;1899-12-31 14:30:00;1899-12-31 14:36:00;3000;3000;24,7;67,8;"Cloudy (100%)";"B";"Y";"Y";"Y";2019,83690999999;9855,41724091346;NA;NA;NA;2;14682;0;0;0;0;0;0;0;0;3000;3000;0;0;0;0;0;0;0;0;0;0;0;0;0;0;0;0;0;0;0;0
14684;508;"Sant Lloren√ß";364966;4318214;"CORE";"2023-06-06";"2023-06-07";"1";1899-12-31 14:18:00;1899-12-31 14:30:00;1899-12-31 14:36:00;376;516;24,7;67,8;"Cloudy (100%)";"D";"Y";"N";"Y";2014,8595;4125,96845937756;NA;NA;NA;2;14684;22;111;54;190;512;416;609;612;376;474;390;341;631;646;518;1,11659586368567;0,347036155320665;1752;152;305;268;49;144;0,0397375831219667;0,063839156235274;119,2127493659;111,8462017242;15,9122183813;27,9718832362;38,5110019221
12058;69;"La Joya";377116;4318318;"CORE";"2023-06-06";"2023-06-07";"1";1899-12-31 16:30:00;1899-12-31 16:41:00;1899-12-31 16:46:00;3000;3000;24,2;70,2;"Cloudy (100%)";"A";"Y";"N";"Y";2019,83520999999;8118,87211451241;NA;NA;NA;2;12058;0;0;0;0;0;0;0;0;3000;3000;0;0;0;0;0;0;0;0;0;0;0;0;0;0;0;0;0;0;0;0
12056;61;"La Joya";376825;4320493;"CORE";"2023-06-06";"2023-06-07";"1";1899-12-31 16:30:00;1899-12-31 16:41:00;1899-12-31 16:46:00;3000;3000;24,2;70,2;"Cloudy (100%)";"B";"Y";"N";"Y";2018,07457999999;8101,58704671504;NA;NA;NA;2;12056;0;0;0;0;0;0;0;0;3000;3000;0;0;0;0;0;0;0;0;0;0;0;0;0;0;0;0;0;0;0;0
12055;53;"La Joya";376526;4321809;"CORE";"2023-06-06";"2023-06-07";"1";1899-12-31 16:30:00;1899-12-31 16:41:00;1899-12-31 16:46:00;3000;3000;24,2;70,2;"Cloudy (100%)";"C";"Y";"N";"Y";2016,67883;8000,19640175829;NA;NA;NA;2;12055;0;0;0;0;0;0;0;0;3000;3000;0;0;0;0;0;0;0;0;0;0;0;0;0;0;0;0;0;0;0;0
12057;63;"La Joya";377254;4319185;"CORE";"2023-06-06";"2023-06-07";"1";1899-12-31 16:30:00;1899-12-31 16:41:00;1899-12-31 16:46:00;227;337;24,2;70,2;"Cloudy (100%)";"D";"Y";"N";"Y";2017,94030999999;8170,36516229009;NA;NA;NA;2;12057;30;127;153;308;347;490;516;512;227;517;283;300;621;696;583;1,10621807626476;0,363043168381393;1484;319;344;230;106;146;0,0496905701197667;0,090215193222911;149,0717103593;133,8793467428;10,6611105383;40,309157579;49,7084271884
12059;79;"Aigues Blanques";379105;4320743;"CORE";"2023-06-07";"2023-06-08";"1";1899-12-31 15:51:00;1899-12-31 16:03:00;1899-12-31 16:08:00;1048;1342;26,9;59;"Sunny (10%)";"A";"Y";"N";"Y";2017,64453;10338,2855558606;NA;NA;NA;2;12059;6;64;131;115;651;184;255;426;1048;1168;548;273;291;530;190;1,03335569111135;0,269808312106441;1136;114;72;452;58;226;0,03179896245454;0,0782031831866197;95,39688736362;88,8388161;22,449514058;43,646731293;60,545914894
12062;102;"Aigues Blanques";377497;4323559;"CORE";"2023-06-07";"2023-06-08";"1";1899-12-31 15:51:00;1899-12-31 16:03:00;1899-12-31 16:08:00;3000;3000;26,9;59;"Sunny (10%)";"B";"Y";"N";"Y";2015,06054999999;9669,29223291035;NA;NA;NA;2;12062;0;0;0;0;0;0;0;0;3000;3000;0;0;0;0;0;0;0;0;0;0;0;0;0;0;0;0;0;0;0;0
12060;89;"Aigues Blanques";375830;4322382;"CORE";"2023-06-07";"2023-06-08";"1";1899-12-31 15:51:00;1899-12-31 16:03:00;1899-12-31 16:08:00;2346;2469;26,9;59;"Sunny (10%)";"C";"Y";"N";"Y";2017,08545;7871,63327261914;NA;NA;NA;2;12060;8;14;31;23;208;55;224;67;2346;2370;163;198;130;54;85;1,07831012082286;0,330994994612698;432;112;8;75;3;0;0,0188858016303433;0,111584098935185;56,65740489103;48,20433074;29,827890139;0;0
202301;NA;"Ses Feixes";365288;4308972;"FRONT";"2023-06-07";"2023-06-08";"1";1899-12-31 15:51:00;1899-12-31 16:03:00;1899-12-31 16:08:00;2315;2846;26,9;59;"Sunny (10%)";"D";"Y";"N";"Y";2022,33666999999;10364,0554718195;NA;NA;NA;2;202301;0;3;0;2;537;41;30;65;2315;2322;531;18;33;73;23;0,942486411932153;0,128643868097345;182;2;5;489;0;0;0,006298776476466;0,100851773131868;18,896329429398;18,35502271;0;0;0
202304;NA;"Ses Feixes";365246;4308990;"FRONT";"2023-06-07";"2023-06-08";"1";1899-12-31 18:00:00;1899-12-31 18:11:00;1899-12-31 18:16:00;370;870;24,7;64,9;"Sunny, Overcast (90%)";"A";"Y";"N";"Y";2021,11132999999;10453,5197475435;NA;NA;NA;2;202304;3;32;58;32;922;157;686;589;370;521;781;643;260;272;523;1,06855548810383;0,313718427966922;1274;264;242;458;241;32;0,0346013511824963;0,0734865181711146;103,804053547489;93,62182415;17,914237928;31,961370833;46,765308828
202302;NA;"Ses Feixes";365238;4309017;"FRONT";"2023-06-07";"2023-06-08";"1";1899-12-31 18:00:00;1899-12-31 18:11:00;1899-12-31 18:16:00;330;815;24,7;64,9;"Sunny, Overcast (90%)";"B";"Y";"N";"Y";2021,11132999999;10453,5197475435;NA;NA;NA;2;202302;37;176;129;228;730;269;484;388;330;559;677;314;541;583;326;1,03513060672323;0,280705479867268;1304;344;162;544;87;91;0,0609157610793667;0,120988849309816;182,7472832381;157,7694595;36,241901116;59,270143417;88,28189068
202303;NA;"Ses Feixes";365343;4308897;"FRONT";"2023-06-07";"2023-06-08";"1";1899-12-31 18:00:00;1899-12-31 18:11:00;1899-12-31 18:16:00;196;433;24,7;64,9;"Sunny, Overcast (90%)";"D";"Y";"N";"Y";2022,33666999999;10364,0554718195;NA;NA;NA;2;202303;30;131;187;117;456;375;620;713;196;371;383;424;755;594;473;1,10797538060472;0,341349137164321;1775;368;196;256;34;38;0,0505849494916967;0,0753077102028169;151,75484847509;133,67118561;19,015464144;39,349311326;59,18477003
202301;NA;"Ses Feixes";365300;4308925;"FRONT";"2023-06-08";"2023-06-09";"1";1899-12-31 16:54:00;1899-12-31 17:22:00;1899-12-31 17:27:00;3000;3000;30;53,8;"Sunny (30%)";"B";"Y";"Y";"Y";2022,33666999999;10364,0554718195;NA;NA;NA;2;202301;0;0;0;0;0;0;0;0;3000;3000;0;0;0;0;0;0;0;0;0;0;0;0;0;0;0;0;0;0;0;0
12061;101;"Aigues Blanques";377550;4323654;"CORE";"2023-06-07";"2023-06-09";"2";1899-12-31 16:54:00;1899-12-31 17:22:00;1899-12-31 17:27:00;3000;3000;30;53,8;"Sunny (30%)";"C";"Y";"N";"Y";2014,9436;10010,7475890427;NA;NA;NA;2;12061;0;0;0;0;0;0;0;0;3000;3000;0;0;0;0;0;0;0;0;0;0;0;0;0;0;0;0;0;0;0;0
12063;115;"Atzaro";373037;4318884;"CORE";"2023-06-08";"2023-06-09";"1";1899-12-31 16:54:00;1899-12-31 17:22:00;1899-12-31 17:27:00;2132;2421;30;53,8;"Sunny (30%)";"D";"Y";"N";"Y";2016,95496;4161,75827303443;NA;NA;NA;2;12063;0;0;13;33;353;48;266;107;2132;2180;324;109;212;116;59;1,09410006946854;0,263451653958537;379;77;45;279;40;31;0,01230424893122;0,0853828080738786;36,91274679366;32,36008426;21,150624871;0;0
14798;1449;"Can Tixedor";358280;4318291;"FRONT";"2023-06-09";"2023-06-10";"1";1899-12-31 09:19:00;1899-12-31 09:30:00;1899-12-31 09:35:00;594;799;24,6;69,8;"Cloudy (85%)";"B";"Y";"N";"Y";2020,89172;10610,78425388;NA;NA;NA;2;14798;17;81;123;109;485;320;485;529;594;851;433;295;543;602;276;1,10774658575924;0,336197679131224;1487;240;74;170;178;23;0,046657472676631;0,0854734625420309;139,972418029893;127,0990388;21,466465365;38,749649537;59,452279021
14734;1216;"Es Broll";357514;4322666;"FRONT";"2023-06-09";"2023-06-10";"1";1899-12-31 09:19:00;1899-12-31 09:30:00;1899-12-31 09:35:00;711;964;24,6;69,8;"Cloudy (85%)";"C";"Y";"N";"Y";2016,93774;12281,8527813937;NA;NA;NA;2;14734;11;86;362;271;549;169;330;261;711;961;447;524;340;492;236;1,00593351697577;0,226785807160863;999;170;117;744;9;520;0,032849229367696;0,0885155720520521;98,547688103088;88,42705648;2,15114823634;24,94342683034;26,3823350634
14732;1206;"Es Broll";357793;4319711;"FRONT";"2023-06-09";"2023-06-10";"1";1899-12-31 09:19:00;1899-12-31 09:30:00;1899-12-31 09:35:00;929;1122;24,6;69,8;"Cloudy (85%)";"D";"Y";"N";"Y";2021,01599;11148,5256049249;NA;NA;NA;2;14732;35;125;82;161;597;197;221;505;929;1077;542;179;320;496;386;1,04592319369329;0,283466577329693;1090;146;213;415;59;244;0,0348506564375;0,0878481388680734;104,5519693125;95,7544713662;13,3515610168;25,1064083775;43,1434960101
14685;1205;"Es Broll";357656;4319232;"FRONT";"2023-06-09";"2023-06-10";"1";1899-12-31 12:24:00;1899-12-31 12:35:00;1899-12-31 12:40:00;349;708;30;56,3;"Sunny (30%)";"A";"Y";"N";"Y";2021,41235;11363,1066329698;NA;NA;NA;2;14685;10;34;194;518;619;189;287;666;349;483;520;200;446;956;395;1,06891442654676;0,248375282392928;1040;222;309;860;86;516;0,0382530006805;0,0968737775166346;114,7590020415;100,7487286173;28,046001174;37,9506268871;60,0486597332
12065;229;"Sant Joan";370424;4321271;"CORE";"2023-06-09";"2023-06-10";"1";1899-12-31 12:24:00;1899-12-31 12:35:00;1899-12-31 12:40:00;507;914;30;56,3;"Sunny (30%)";"B";"Y";"N";"Y";2016,50745;2895,1690783836;NA;NA;NA;2;12065;13;49;219;66;928;164;592;263;507;706;773;742;303;265;211;1,05825244367367;0,288186122787707;1134;504;110;140;406;103;0,042500712179;0,0925385711622575;127,502136537;104,938739698;19,915678077;42,791417306;59,797433178
14733;1209;"Es Broll";358260;4320421;"FRONT";"2023-06-09";"2023-06-10";"1";1899-12-31 12:24:00;1899-12-31 12:35:00;1899-12-31 12:40:00;3000;3000;30;56,3;"Sunny (30%)";"C";"Y";"N";"Y";2021,54162999999;10996,0649342149;NA;NA;NA;2;14733;0;0;0;0;0;0;0;0;3000;3000;0;0;0;0;0;0;0;0;0;0;0;0;0;0;0;0;0;0;0;0
14739;1447;"Can Tixedor";358144;4317675;"FRONT";"2023-06-09";"2023-06-10";"1";1899-12-31 12:24:00;1899-12-31 12:35:00;1899-12-31 12:40:00;371;1114;30;56,3;"Sunny (30%)";"D";"Y";"N";"Y";2018,71997;10893,5649347584;NA;NA;NA;2;14739;11;76;93;120;1177;157;339;411;371;616;1011;408;237;351;377;1,02705774996544;0,268084745653943;1384;351;59;553;37;28;0,054168156858;0,103034745914017;162,504470574;142,600088345;29,681191683;56,404641206;81,866519662
11755;2079;"Bomberos";361396;4309916;"FRONT";"2023-06-09";"2023-06-10";"1";1899-12-31 14:14:00;1899-12-31 14:25:00;1899-12-31 14:30:00;1531;1881;30,4;57;"Sunny (5%)";"A";"Y";"N";"Y";2022,01415999999;11566,1803227152;NA;NA;NA;2;11755;3;36;317;29;482;110;193;181;1531;1649;438;416;188;188;121;0,994327093156625;0,212795388287195;694;45;79;525;8;277;0,017401231824;0,0708627854726225;52,203695472;49,178773118;14,705897088;16,317423111;35,148505659
14731;1206;"Es Broll";357793;4319711;"FRONT";"2023-06-09";"2023-06-10";"1";1899-12-31 14:14:00;1899-12-31 14:25:00;1899-12-31 14:30:00;1088;1459;30,4;57;"Sunny (5%)";"C";"Y";"N";"Y";2021,01599;11148,5256049249;NA;NA;NA;2;14731;67;208;124;103;788;161;111;170;1088;1268;724;193;300;237;278;0,961241536899065;0,274633359823614;1271;109;8;342;2;13;0,0461528426396533;0,103501591164437;138,45852791896;131,55052237;31,365570623;56,155896495;86,613210554
11756;2080;"Bomberos";361411;4309925;"FRONT";"2023-06-09";"2023-06-10";"1";1899-12-31 14:14:00;1899-12-31 14:25:00;1899-12-31 14:30:00;3000;3000;30,4;57;"Sunny (5%)";"D";"Y";"N";"Y";2022,01415999999;11566,1803227152;NA;NA;NA;2;11756;0;0;0;0;0;0;0;0;3000;3000;0;0;0;0;0;0;0;0;0;0;0;0;0;0;0;0;0;0;0;0
12067;247;"San Joan";367442;4325116;"CORE";"2023-06-09";"2023-06-10";"1";1899-12-31 15:56:00;1899-12-31 16:07:00;1899-12-31 16:12:00;105;173;35;50,6;"Sunny (15%)";"A";"Y";"N";"Y";2021,37415;6726,82183834473;NA;NA;NA;2;12067;47;199;136;332;457;353;356;650;105;470;377;318;517;916;402;1,0772369046581;0,326150542581423;1611;445;105;317;52;255;0,0649910772223333;0,106248228911235;194,973231667;171,165896776;23,822823375;36,853143137;60,573625189
12068;248;"San Joan";367456;4325166;"CORE";"2023-06-09";"2023-06-10";"1";1899-12-31 15:56:00;1899-12-31 16:07:00;1899-12-31 16:12:00;348;520;35;50,6;"Sunny (15%)";"B";"Y";"N";"Y";2021,37415;6726,82183834473;NA;NA;NA;2;12068;29;74;46;64;622;257;644;842;348;422;471;562;374;537;634;1,14965343971521;0,392096007849496;1418;772;184;168;36;23;0,0570231428948333;0,0920706052662905;171,0694286845;130,5561182676;28,7279678165;51,6336505173;68,4320684582
12065;229;"Sant Joan";370424;4321271;"CORE";"2023-06-09";"2023-06-11";"2";1899-12-31 17:31:00;1899-12-31 17:41:00;1899-12-31 17:46:00;461;908;30,1;54,7;"Sunny (5%)";"B";"Y";"Y";"Y";2016,50745;2895,1690783836;NA;NA;NA;2;12065;15;53;55;80;480;298;244;227;461;1548;457;52;398;435;110;1,06845488565909;0,290093929516529;527;285;114;391;135;105;0,018841648088;0,0827114598519924;56,524944264;43,588939342;13,186941817;31,108939664;47,956995273
14733;1209;"Es Broll";358260;4320421;"FRONT";"2023-06-09";"2023-06-11";"2";1899-12-31 17:31:00;1899-12-31 17:41:00;1899-12-31 17:46:00;3000;3000;30,1;54,7;"Sunny (5%)";"C";"Y";"Y";"Y";2021,54162999999;10996,0649342149;NA;NA;NA;2;14733;0;0;0;0;0;0;0;0;3000;3000;0;0;0;0;0;0;0;0;0;0;0;0;0;0;0;0;0;0;0;0
14739;1447;"Can Tixedor";358144;4317675;"FRONT";"2023-06-09";"2023-06-11";"2";1899-12-31 17:31:00;1899-12-31 17:41:00;1899-12-31 17:46:00;1262;1398;30,1;54,7;"Sunny (5%)";"D";"Y";"Y";"Y";2018,71997;10893,5649347584;NA;NA;NA;2;14739;20;148;106;96;493;176;212;330;1262;1419;423;259;305;285;309;1,04551998992245;0,324183234842505;1064;277;121;84;35;24;0,0374405314243;0,0916818051299812;112,3215942729;97,5494406583;24,817617823;46,8641091858;60,5111875448
14675;425;"Pla de Sant Mateu";359867;4322556;"FRONT";"2023-06-12";"2023-06-14";"2";1899-12-31 10:49:00;1899-12-31 10:59:00;1899-12-31 11:04:00;3000;3000;25,9;61,2;"Sunny (35%)";"A";"Y";"N";"Y";2019,83690999999;9855,41724091346;NA;NA;NA;2;14675;0;0;0;0;0;0;0;0;3000;3000;0;0;0;0;0;0;0;0;0;0;0;0;0;0;0;0;0;0;0;0
14672;422;"Pla de Sant Mateu";359930;4322215;"FRONT";"2023-06-12";"2023-06-14";"2";1899-12-31 10:49:00;1899-12-31 10:59:00;1899-12-31 11:04:00;211;760;25,9;61,2;"Sunny (35%)";"B";"Y";"N";"Y";2018,9126;9762,15712070234;NA;NA;NA;2;14672;5;43;65;99;921;286;521;558;211;502;759;425;454;397;463;1,09922016982354;0,321351906319456;1108;692;214;403;81;50;0,0424069856753333;0,0857505191994585;127,220957026;95,011575273;24,109964196;43,963249479;55,461370928
14673;424;"Pla de Sant Mateu";359894;4322444;"FRONT";"2023-06-12";"2023-06-14";"2";1899-12-31 10:49:00;1899-12-31 10:59:00;1899-12-31 11:04:00;266;398;25,9;61,2;"Sunny (35%)";"C";"Y";"N";"Y";2019,83690999999;9855,41724091346;NA;NA;NA;2;14673;8;17;90;611;283;283;435;482;266;791;217;298;370;793;531;1,07272023242816;0,263833724912177;1261;165;286;492;5;374;0,0360717199066667;0,0780809890483743;108,21515972;98,46012719;16,921563081;29,667975369;36,861188311
14671;422;"Pla de Sant Mateu";359930;4322215;"FRONT";"2023-06-12";"2023-06-14";"2";1899-12-31 10:49:00;1899-12-31 10:59:00;1899-12-31 11:04:00;635;741;25,9;61,2;"Sunny (35%)";"D";"Y";"N";"Y";2018,9126;9762,15712070234;NA;NA;NA;2;14671;24;85;144;83;649;181;308;637;635;889;527;312;340;425;507;1,07737243104652;0,315137459464709;1375;355;80;271;30;177;0,0333394009056667;0,0617137661316364;100,018202717;84,856428431;12,600218785;29,901659148;43,202783916
14641;421;"Pla de Sant Mateu";359941;4322080;"FRONT";"2023-06-12";"2023-06-14";"2";1899-12-31 12:27:00;1899-12-31 12:39:00;1899-12-31 12:44:00;559;750;27,3;56,3;"Sunny, Windy (10%)";"A";"Y";"N";"Y";2018,75414999999;9674,46214195654;NA;NA;NA;2;14641;35;72;152;84;447;274;527;639;559;770;412;404;482;755;177;1,15552593269578;0,363059438781614;1047;612;128;396;47;242;0,0445097623766667;0,101046826352436;133,52928713;105,796027191;18,142009921;35,779210981;55,654138764
202305;NA;"Ses Feixes";365272;4308950;"FRONT";"2023-06-13";"2023-06-14";"1";1899-12-31 12:27:00;1899-12-31 12:39:00;1899-12-31 12:44:00;975;1186;27,3;56,3;"Sunny, Windy (10%)";"B";"Y";"N";"Y";2021,11132999999;10453,5197475435;NA;NA;NA;2;202305;34;104;120;193;530;146;342;394;975;1137;373;325;312;366;487;1,05185013008685;0,307951584023618;1306;118;201;181;57;39;0,0461249889033333;0,100782820470138;138,37496671;131,622363534;28,605166603;49,798678411;77,401083298
14674;425;"Pla de Sant Mateu";359867;4322556;"FRONT";"2023-06-12";"2023-06-14";"2";1899-12-31 12:27:00;1899-12-31 12:39:00;1899-12-31 12:44:00;1712;2237;27,3;56,3;"Sunny, Windy (10%)";"C";"Y";"N";"Y";2019,83690999999;9855,41724091346;NA;NA;NA;2;14674;6;37;30;69;678;62;121;236;1712;1761;625;122;94;255;143;1,0194103027088;0,227314648611784;473;203;17;542;4;37;0,02236546031109;0,1128287805074;67,09638093327;53,36801318;27,310724662;54,50623993;0
14642;421;"Pla de Sant Mateu";359941;4322080;"FRONT";"2023-06-12";"2023-06-14";"2";1899-12-31 12:27:00;1899-12-31 12:39:00;1899-12-31 12:44:00;1649;1738;27,3;56,3;"Sunny, Windy (10%)";"D";"Y";"N";"Y";2018,75414999999;9674,46214195654;NA;NA;NA;2;14642;1;31;83;19;354;143;280;380;1649;1709;277;194;284;282;254;1,14236755893772;0,365215925716499;792;329;39;111;20;41;0,0256702485696667;0,0773675857032828;77,010745709;61,275127877;19,903778161;38,904220707;57,250328895
202309;NA;"Ses Feixes";365216;4309000;"FRONT";"2023-06-13";"2023-06-14";"1";1899-12-31 14:14:00;1899-12-31 14:24:00;1899-12-31 14:29:00;828;1399;27,8;56,6;"Sunny (0%)";"A";"Y";"N";"Y";2021,11132999999;10453,5197475435;NA;NA;NA;2;202309;53;140;102;433;644;86;205;374;828;963;681;178;210;805;163;1,02416125374207;0,24664483826755;720;275;269;757;16;282;0,0292862190823333;0,1006267827625;87,858657247;72,451283589;26,894201881;50,323384342;56,405327607
202308;NA;"Ses Feixes";365251;4309045;"FRONT";"2023-06-13";"2023-06-14";"1";1899-12-31 14:14:00;1899-12-31 14:24:00;1899-12-31 14:29:00;1048;1467;27,8;56,6;"Sunny (0%)";"B";"Y";"N";"Y";2021,11132999999;10453,5197475435;NA;NA;NA;2;202308;23;67;20;117;756;84;268;580;1048;1085;695;245;132;419;424;1,07663942930277;0,298466010109138;800;468;172;458;17;53;0,034436681498;0,09882537775125;103,310044494;79,060302201;21,937393705;42,057313393;64,08830491
202306;NA;"Ses Feixes";365359;4308884;"FRONT";"2023-06-13";"2023-06-14";"1";1899-12-31 14:14:00;1899-12-31 14:24:00;1899-12-31 14:29:00;1290;1354;27,8;56,6;"Sunny (0%)";"C";"Y";"N";"Y";2022,33666999999;10364,0554718195;NA;NA;NA;2;202306;6;26;117;181;249;230;450;315;1290;1426;191;250;459;518;156;1,09681038303189;0,308988263619441;805;311;139;316;3;262;0,0341526533083333;0,104389766580124;102,457959925;84,033762097;21,11588718;42,288387947;49,93025029
202307;NA;"Ses Feixes";365252;4309046;"FRONT";"2023-06-13";"2023-06-14";"1";1899-12-31 14:14:00;1899-12-31 14:24:00;1899-12-31 14:29:00;880;1018;27,8;56,6;"Sunny (0%)";"D";"Y";"N";"Y";2021,11132999999;10453,5197475435;NA;NA;NA;2;202307;13;59;55;37;797;234;333;483;880;989;663;255;398;231;464;1,07979554138071;0,327296075770264;1202;355;172;259;23;146;0,0462720360212333;0,100569968577787;138,8161080637;120,8851022305;33,5601492603;61,2697885623;79,99727161
202312;NA;"Ses Feixes";365252;4309046;"FRONT";"2023-06-13";"2023-06-14";"1";1899-12-31 16:05:00;1899-12-31 16:15:00;1899-12-31 16:20:00;879;1569;28,2;58,5;"Sunny (0%)";"A";"Y";"N";"Y";2021,11132999999;10453,5197475435;NA;NA;NA;2;202312;4;68;57;224;886;109;195;447;879;1010;845;179;185;511;270;1,00573247775286;0,221695377359296;630;247;285;822;6;146;0,0302137243938237;0,120638511349206;90,641173181471;76,00226215;11,762602788;25,646720148;52,99454133
202310;NA;"Ses Feixes";365252;4309046;"FRONT";"2023-06-13";"2023-06-14";"1";1899-12-31 16:05:00;1899-12-31 16:15:00;1899-12-31 16:20:00;641;922;28,2;58,5;"Sunny (0%)";"B";"Y";"N";"Y";2021,11132999999;10453,5197475435;NA;NA;NA;2;202310;27;93;296;136;990;113;323;187;641;835;885;421;413;232;214;1,0014465092557;0,245207934636028;1075;385;172;514;19;251;0,0537035282943333;0,130149706024186;161,110584883;139,910933976;38,423122866;72,243412977;99,85351828
202311;NA;"Ses Feixes";365252;4309046;"FRONT";"2023-06-13";"2023-06-14";"1";1899-12-31 16:05:00;1899-12-31 16:15:00;1899-12-31 16:20:00;3000;3000;28,2;58,5;"Sunny (0%)";"C";"Y";"N";"Y";2021,11132999999;10453,5197475435;NA;NA;NA;2;202311;0;0;0;0;0;0;0;0;3000;3000;0;0;0;0;0;0;0;0;0;0;0;0;0;0;0;0;0;0;0;0
202313;NA;"Ses Feixes";365216;4309000;"FRONT";"2023-06-13";"2023-06-14";"1";1899-12-31 16:05:00;1899-12-31 16:15:00;1899-12-31 16:20:00;1346;1523;28,2;58,5;"Sunny (0%)";"D";"Y";"N";"Y";2021,11132999999;10453,5197475435;NA;NA;NA;2;202313;11;54;61;42;409;224;473;322;1346;1404;348;315;389;344;200;1,10416446815677;0,345274243149749;1025;238;236;77;20;1;0,021573581464;0,0533791138321951;64,720744392;54,713591678;11,353810386;26,264182472;41,794881063
202308;NA;"Ses Feixes";365252;4309046;"FRONT";"2023-06-13";"2023-06-15";"2";1899-12-31 15:05:00;1899-12-31 15:19:00;1899-12-31 15:24:00;787;1220;30,5;48,5;"Cloudy (75%)";"A";"Y";"Y";"Y";2021,11132999999;10453,5197475435;NA;NA;NA;2;202308;16;71;47;163;668;99;305;745;787;886;587;282;168;490;587;1,09492365969631;0,322250747577578;887;579;127;499;22;91;0,0420403234916667;0,110111648494927;126,120970475;97,669032215;19,13071726;46,468378901;65,453929522
202307;NA;"Ses Feixes";365272;4308950;"FRONT";"2023-06-13";"2023-06-15";"2";1899-12-31 15:05:00;1899-12-31 15:19:00;1899-12-31 15:24:00;1525;1836;30,5;48,5;"Cloudy (75%)";"B";"Y";"Y";"Y";2021,11132999999;10453,5197475435;NA;NA;NA;2;202307;21;31;47;26;454;130;334;374;1525;1583;392;277;229;320;199;1,12458735877911;0,335536709958363;735;290;99;282;11;2;0,0256908227823667;0,0845776351447619;77,0724683471;62,1645618314;20,0003532635;38,5517698188;57,0645241494
14674;425;"Pla de Sant Mateu";359867;4322556;"FRONT";"2023-06-12";"2023-06-15";"3";1899-12-31 15:05:00;1899-12-31 15:19:00;1899-12-31 15:24:00;1302;1813;30,5;48,5;"Cloudy (75%)";"D";"Y";"Y";"Y";2019,83690999999;9855,41724091346;NA;NA;NA;2;14674;5;17;43;30;664;112;279;479;1302;1371;590;129;312;326;272;1,08189477322517;0,27230931093186;625;307;188;502;7;25;0,022988776283;0,0843946276144;68,966328849;52,746642259;19,518930456;38,849704067;53,364162061
14642;421;"Pla de Sant Mateu";359941;4322080;"FRONT";"2023-06-12";"2023-06-15";"3";1899-12-31 17:13:00;1899-12-31 17:24:00;1899-12-31 17:29:00;778;940;29,8;41,9;"Sunny, Windy (0%)";"A";"Y";"Y";"Y";2018,75414999999;9674,46214195654;NA;NA;NA;2;14642;52;161;160;398;513;120;264;316;778;1016;469;398;213;343;561;0,998793630107762;0,283534573739415;1178;249;135;412;10;302;0,037099377705;0,0846162357359932;111,298133115;99,677925697;15,940092829;40,413674673;64,418861285
202305;NA;"Ses Feixes";365272;4308950;"FRONT";"2023-06-13";"2023-06-15";"2";1899-12-31 17:13:00;1899-12-31 17:24:00;1899-12-31 17:29:00;528;1100;29,8;41,9;"Sunny, Windy (0%)";"B";"Y";"Y";"Y";2021,11132999999;10453,5197475435;NA;NA;NA;2;202305;19;74;128;280;856;190;405;185;528;863;832;180;506;430;189;1,02469101279813;0,232751256427234;1236;210;127;560;4;139;0,0394719969723;0,0864510729304207;118,4159909169;106,853526142;17,9512129024;35,0458944059;55,3156272122
14675;425;"Pla de Sant Mateu";359867;4322556;"FRONT";"2023-06-12";"2023-06-15";"3";1899-12-31 17:13:00;1899-12-31 17:24:00;1899-12-31 17:29:00;3000;3000;29,8;41,9;"Sunny, Windy (0%)";"C";"Y";"Y";"Y";2019,83690999999;9855,41724091346;NA;NA;NA;2;14675;0;0;0;0;0;0;0;0;3000;3000;0;0;0;0;0;0;0;0;0;0;0;0;0;0;0;0;0;0;0;0
14673;424;"Pla de Sant Mateu";359894;4322444;"FRONT";"2023-06-12";"2023-06-15";"3";1899-12-31 17:13:00;1899-12-31 17:24:00;1899-12-31 17:29:00;519;720;29,8;41,9;"Sunny, Windy (0%)";"D";"Y";"Y";"Y";2019,83690999999;9855,41724091346;NA;NA;NA;2;14673;17;216;171;498;368;312;210;424;519;784;368;191;419;728;510;1,05519824982401;0,300055802820397;1314;237;221;433;11;266;0,0396856551743333;0,0807750549596651;119,056965523;106,138422217;13,37032774;30,293296328;40,170302651
11417;2237;"Can Fran";359009;4308267;"FRONT";"2023-06-15";"2023-06-16";"1";1899-12-31 15:22:00;1899-12-31 15:34:00;1899-12-31 15:39:00;1287;1943;32,3;43,5;"Sunny (5%)";"A";"Y";"N";"Y";2022,61902;14547,1041649077;NA;NA;NA;2;11417;3;22;51;76;850;106;272;233;1287;1387;777;259;154;209;214;1,00823806048407;0,229436890479851;781;177;24;628;3;0;0,036224344478;0,127481813880922;108,673033434;99,563296641;29,381515478;61,037862228;92,529795609
14672;422;"Pla de Sant Mateu";359930;4322215;"FRONT";"2023-06-12";"2023-06-16";"4";1899-12-31 15:22:00;1899-12-31 15:34:00;1899-12-31 15:39:00;552;773;32,3;43,5;"Sunny (5%)";"B";"Y";"Y";"Y";2018,9126;9762,15712070234;NA;NA;NA;2;14672;9;75;144;152;460;404;574;333;552;849;419;273;704;568;187;1,13536323352766;0,346487210109251;1164;514;166;296;11;101;0,04009430687;0,0807982224527491;120,28292061;94,049130935;24,05669496;37,117964163;54,367380646
202311;NA;"Ses Feixes";365252;4309046;"FRONT";"2023-06-13";"2023-06-16";"3";1899-12-31 15:22:00;1899-12-31 15:34:00;1899-12-31 15:39:00;3000;3000;32,3;43,5;"Sunny (5%)";"C";"Y";"Y";"Y";2021,11132999999;10453,5197475435;NA;NA;NA;2;202311;0;0;0;0;0;0;0;0;3000;3000;0;0;0;0;0;0;0;0;0;0;0;0;0;0;0;0;0;0;0;0
11418;2237;"Can Fran";359009;4308267;"FRONT";"2023-06-15";"2023-06-16";"1";1899-12-31 15:22:00;1899-12-31 15:34:00;1899-12-31 15:39:00;568;1154;32,3;43,5;"Sunny (5%)";"D";"Y";"N";"Y";2022,61902;14547,1041649077;NA;NA;NA;2;11418;28;104;117;196;1059;197;343;304;568;652;903;283;378;371;413;1,02438235232164;0,265008356905877;1493;237;39;577;2;40;0,0670946101116667;0,123170751046885;201,283830335;183,893931313;28,326910864;62,087398558;95,013650626
11416;2235;"Can Fran";359443;4308268;"FRONT";"2023-06-15";"2023-06-16";"1";1899-12-31 17:19:00;1899-12-31 17:30:00;1899-12-31 17:35:00;1011;1543;30,8;43,9;"Sunny (0%)";"A";"Y";"N";"Y";2021,58191;14204,4541177396;NA;NA;NA;2;11416;15;59;56;60;643;109;250;230;1011;1578;608;203;203;225;183;1,0277637364699;0,257460499272152;815;177;17;407;6;265;0,0284702540854;0,0938312567510429;85,4107622562;76,4724742521;1,0950472179;24,5105144233;46,5057401888
202310;NA;"Ses Feixes";365252;4309046;"FRONT";"2023-06-13";"2023-06-16";"3";1899-12-31 17:19:00;1899-12-31 17:30:00;1899-12-31 17:35:00;208;462;30,8;43,9;"Sunny (0%)";"B";"Y";"Y";"Y";2021,11132999999;10453,5197475435;NA;NA;NA;2;202310;22;109;137;192;755;215;490;714;208;366;628;462;409;600;535;1,10810088508398;0,33001373768451;1389;665;214;348;18;102;0,0595094838029;0,102403544522966;178,5284514087;142,2385233424;26,9233680485;52,376881969;78,1632026851
11419;2240;"Can Fran";358394;4308375;"FRONT";"2023-06-15";"2023-06-16";"1";1899-12-31 17:19:00;1899-12-31 17:30:00;1899-12-31 17:35:00;3000;3000;30,8;43,9;"Sunny (0%)";"C";"Y";"N";"Y";2023,87536999999;14724,035822159;NA;NA;NA;2;11419;0;0;0;0;0;0;0;0;3000;3000;0;0;0;0;0;0;0;0;0;0;0;0;0;0;0;0;0;0;0;0
11415;2234;"Can Fran";359685;4308156;"FRONT";"2023-06-15";"2023-06-16";"1";1899-12-31 17:19:00;1899-12-31 17:30:00;1899-12-31 17:35:00;2116;3000;30,8;43,9;"Sunny (0%)";"D";"Y";"N";"Y";2021,5343;14036,6736638381;NA;NA;NA;2;11415;0;0;0;0;388;0;0;0;2116;2612;388;0;0;0;0;0,85669528364433;0,0279363200257732;0;0;0;388;0;0;2,2021893988e-05;0;0,066065681964;0;0;0;0
11417;2237;"Can Fran";359009;4308267;"FRONT";"2023-06-15";"2023-06-17";"2";1899-12-31 12:47:00;1899-12-31 12:57:00;1899-12-31 13:02:00;302;558;31,5;37,1;"Sunny (0%)";"A";"Y";"Y";"Y";2022,61902;14547,1041649077;NA;NA;NA;2;11417;21;202;181;406;665;155;341;358;302;671;608;251;470;606;394;1,01079829483315;0,253318620671104;1246;238;242;601;2;359;0,051901830622;0,11401698324077;155,705491866;142,065161118;35,947439122;64,21761419;86,913658161
12070;8;"Sant Carles";375479;4318733;"CORE";"2023-06-16";"2023-06-17";"1";1899-12-31 12:47:00;1899-12-31 12:57:00;1899-12-31 13:02:00;266;521;31,5;37,1;"Sunny (0%)";"B";"Y";"N";"Y";2019,60095;6402,6809461459;NA;NA;NA;2;12070;17;66;81;204;440;354;788;688;266;362;352;580;552;741;413;1,16440650302638;0,372610259640637;1310;850;95;372;11;125;0,062181468673;0,1033076172;186,544406019;135,332978532;27,371465134;52,356568712;77,9781933
12069;7;"Sant Carles";375722;4319079;"CORE";"2023-06-16";"2023-06-17";"1";1899-12-31 12:47:00;1899-12-31 12:57:00;1899-12-31 13:02:00;1766;2287;31,5;37,1;"Sunny (0%)";"C";"Y";"N";"Y";2018,67357999999;6658,65986316197;NA;NA;NA;2;12069;10;46;76;57;629;80;167;120;1766;1815;581;139;192;169;104;0,985651765221266;0,216046249202532;552;99;62;471;1;12;0,0263850027479367;0,128077022735507;79,15500824381;70,69851655;34,634018101;65,970035173;0
202309;NA;"Ses Feixes";365216;4309000;"FRONT";"2023-06-13";"2023-06-17";"4";1899-12-31 12:47:00;1899-12-31 12:57:00;1899-12-31 13:02:00;1036;2842;31,5;37,1;"Sunny (0%)";"D";"Y";"Y";"Y";2021,11132999999;10453,5197475435;NA;NA;NA;2;202309;4;7;4;0;1767;27;31;60;1036;1100;1766;19;38;41;36;0,876791143232947;0,0711543211778947;162;17;4;1715;2;12;0,00495733716494567;0,0825557372839506;14,872011494837;13,37402944;0;0;0
12071;13;"Sant Carles";375204;4318657;"CORE";"2023-06-16";"2023-06-17";"1";1899-12-31 14:33:00;1899-12-31 14:46:00;1899-12-31 14:51:00;371;454;32,2;34,8;"Sunny (0%)";"B";"Y";"N";"Y";2019,43323;6152,63223853459;NA;NA;NA;2;12071;28;165;125;246;339;252;585;483;371;777;276;437;502;699;309;1,11594035756743;0,357009343071525;1427;490;114;187;5;115;0,0634781674413333;0,110021433372109;190,434502324;157,000585422;26,338606439;56,209735733;80,573766137
